instance,bandit,timeout,unroutedNodes,nVehicles,travelLength,objective,integralPrimalGap
examples/pdptw/pdptw_400/LC1_4_3.txt,ucb-tuned,300,30,55,17310.109,30072310109,300.000
examples/pdptw/pdptw_400/LC1_4_1.txt,ucb-tuned,300,0,64,12035.156,76035156,264.574
examples/pdptw/pdptw_200/LC1_2_4.txt,ucb-tuned,300,0,19,3690.47,22690470,130.354
examples/pdptw/pdptw_400/LC1_4_5.txt,ucb-tuned,300,0,58,10728.594,68728594,224.632
examples/pdptw/pdptw_200/LC1_2_3.txt,ucb-tuned,300,0,22,3258.769,25258769,107.220
examples/pdptw/pdptw_200/LC1_2_2.txt,ucb-tuned,300,0,25,3688.78,28688780,99.738
examples/pdptw/pdptw_200/LC1_2_1.txt,ucb-tuned,300,0,24,3211.764,27211764,68.570
examples/pdptw/pdptw_200/LC1_2_5.txt,ucb-tuned,300,0,25,3611.136,28611136,94.917
examples/pdptw/pdptw_400/LC1_4_4.txt,ucb-tuned,300,50,33,12707.204,50045707204,300.000
examples/pdptw/pdptw_400/LC1_4_2.txt,ucb-tuned,300,24,65,18064.96,24083064960,300.000
examples/pdptw/pdptw_600/LC1_6_5.txt,ucb-tuned,300,46,127,40073.162,46167073162,300.000
examples/pdptw/pdptw_600/LC1_6_1.txt,ucb-tuned,300,92,130,34786.399,92164786399,300.000
examples/pdptw/pdptw_100/lc101.txt,ucb-tuned,300,0,11,869.913,11869913,18.537
examples/pdptw/pdptw_100/lc102.txt,ucb-tuned,300,0,10,828.96,10828960,4.690
examples/pdptw/pdptw_100/lc103.txt,ucb-tuned,300,0,11,900.862,11900862,39.470
examples/pdptw/pdptw_600/LC1_6_2.txt,ucb-tuned,300,228,65,20727.085,228085727085,300.000
examples/pdptw/pdptw_100/lc104.txt,ucb-tuned,300,0,10,886.164,10886164,13.714
examples/pdptw/pdptw_100/lc105.txt,ucb-tuned,300,0,10,828.96,10828960,13.458
examples/pdptw/pdptw_600/LC1_6_4.txt,ucb-tuned,300,330,26,10227.515,330036227515,300.000
examples/pdptw/pdptw_600/LC1_6_3.txt,ucb-tuned,300,314,36,13009.973,314049009973,300.000
examples/pdptw/pdptw_200/LC1_2_2.txt,egreedy-tuned,300,0,20,3025.177,23025177,44.801
examples/pdptw/pdptw_200/LC1_2_1.txt,egreedy-tuned,300,0,22,2861.1,24861100,27.943
examples/pdptw/pdptw_200/LC1_2_4.txt,egreedy-tuned,300,0,19,3090.124,22090124,54.210
examples/pdptw/pdptw_200/LC1_2_3.txt,egreedy-tuned,300,0,20,3060.24,23060240,46.195
examples/pdptw/pdptw_200/LC1_2_5.txt,egreedy-tuned,300,0,21,2902.73,23902730,38.153
examples/pdptw/pdptw_400/LC1_4_2.txt,egreedy-tuned,300,0,44,8616.708,52616708,54.452
examples/pdptw/pdptw_400/LC1_4_1.txt,egreedy-tuned,300,0,46,8156.59,54156590,59.743
examples/pdptw/pdptw_400/LC1_4_4.txt,egreedy-tuned,300,0,39,7899.249,46899249,116.650
examples/pdptw/pdptw_400/LC1_4_3.txt,egreedy-tuned,300,0,42,9847.57,51847570,42.155
examples/pdptw/pdptw_400/LC1_4_5.txt,egreedy-tuned,300,0,48,8996.374,56996374,84.561
examples/pdptw/pdptw_600/LC1_6_1.txt,egreedy-tuned,300,0,72,17902.854,89902854,90.153
examples/pdptw/pdptw_600/LC1_6_2.txt,egreedy-tuned,300,0,69,17578.083,86578083,79.938
examples/pdptw/pdptw_600/LC1_6_3.txt,egreedy-tuned,300,0,68,20140.062,88140062,114.062
examples/pdptw/pdptw_600/LC1_6_4.txt,egreedy-tuned,300,0,70,20760.105,90760105,159.252
examples/pdptw/pdptw_600/LC1_6_5.txt,egreedy-tuned,300,0,70,17252.934,87252934,85.325
examples/pdptw/pdptw_100/lc101.txt,egreedy-tuned,300,0,10,828.96,10828960,1.145
examples/pdptw/pdptw_100/lc102.txt,egreedy-tuned,300,0,10,828.96,10828960,2.585
examples/pdptw/pdptw_100/lc104.txt,egreedy-tuned,300,0,10,819.908,10819908,15.286
examples/pdptw/pdptw_100/lc103.txt,egreedy-tuned,300,0,10,836.704,10836704,57.463
examples/pdptw/pdptw_100/lc105.txt,egreedy-tuned,300,0,10,828.96,10828960,1.306
examples/pdptw/pdptw_200/LC1_2_1.txt,ucb-tuned,300,0,25,3395.919,28395919,85.893
examples/pdptw/pdptw_200/LC1_2_3.txt,ucb-tuned,300,0,21,3520.061,24520061,124.274
examples/pdptw/pdptw_200/LC1_2_2.txt,ucb-tuned,300,0,25,3580.848,28580848,101.039
examples/pdptw/pdptw_200/LC1_2_4.txt,ucb-tuned,300,0,21,3429.853,24429853,125.476
examples/pdptw/pdptw_400/LC1_4_1.txt,ucb-tuned,300,0,63,11858.472,74858472,264.439
examples/pdptw/pdptw_200/LC1_2_5.txt,ucb-tuned,300,0,25,3473.327,28473327,95.847
examples/pdptw/pdptw_400/LC1_4_3.txt,ucb-tuned,300,30,55,17251.002,30072251002,300.000
examples/pdptw/pdptw_400/LC1_4_4.txt,ucb-tuned,300,50,33,12673.923,50045673923,300.000
examples/pdptw/pdptw_400/LC1_4_5.txt,ucb-tuned,300,0,50,10664.925,60664925,221.616
examples/pdptw/pdptw_400/LC1_4_2.txt,ucb-tuned,300,26,65,18611.491,26083611491,300.000
examples/pdptw/pdptw_600/LC1_6_1.txt,ucb-tuned,300,56,138,38479.702,56176479702,300.000
examples/pdptw/pdptw_600/LC1_6_2.txt,ucb-tuned,300,220,65,20996.335,220085996335,300.000
examples/pdptw/pdptw_600/LC1_6_4.txt,ucb-tuned,300,330,26,10251.546,330036251546,300.000
examples/pdptw/pdptw_600/LC1_6_3.txt,ucb-tuned,300,310,36,13097.573,310049097573,300.000
examples/pdptw/pdptw_600/LC1_6_5.txt,ucb-tuned,300,54,126,39358.622,54165358622,300.000
examples/pdptw/pdptw_100/lc101.txt,ucb-tuned,300,0,11,869.913,11869913,18.190
examples/pdptw/pdptw_100/lc102.txt,ucb-tuned,300,0,10,828.96,10828960,4.297
examples/pdptw/pdptw_100/lc103.txt,ucb-tuned,300,0,11,931.356,11931356,18.931
examples/pdptw/pdptw_100/lc104.txt,ucb-tuned,300,0,10,876.779,10876779,12.598
examples/pdptw/pdptw_100/lc105.txt,ucb-tuned,300,0,11,859.085,11859085,26.426
examples/pdptw/pdptw_200/LC1_2_1.txt,egreedy-tuned,300,0,21,2758.625,23758625,15.650
examples/pdptw/pdptw_200/LC1_2_2.txt,egreedy-tuned,300,0,22,3207.365,25207365,53.784
examples/pdptw/pdptw_200/LC1_2_3.txt,egreedy-tuned,300,0,20,3360.76,23360760,32.469
examples/pdptw/pdptw_200/LC1_2_4.txt,egreedy-tuned,300,0,19,3412.99,22412990,70.754
examples/pdptw/pdptw_200/LC1_2_5.txt,egreedy-tuned,300,0,21,2863.345,23863345,44.411
examples/pdptw/pdptw_400/LC1_4_1.txt,egreedy-tuned,300,0,45,8649.081,53649081,57.015
examples/pdptw/pdptw_400/LC1_4_2.txt,egreedy-tuned,300,0,47,9089.001,56089001,50.931
examples/pdptw/pdptw_400/LC1_4_3.txt,egreedy-tuned,300,0,45,9279.167,54279167,48.728
examples/pdptw/pdptw_400/LC1_4_5.txt,egreedy-tuned,300,0,47,8887.917,55887917,87.972
examples/pdptw/pdptw_400/LC1_4_4.txt,egreedy-tuned,300,0,39,9188.878,48188878,117.615
examples/pdptw/pdptw_600/LC1_6_3.txt,egreedy-tuned,300,0,70,19260.146,89260146,113.639
examples/pdptw/pdptw_600/LC1_6_2.txt,egreedy-tuned,300,0,73,18527.416,91527416,85.398
examples/pdptw/pdptw_600/LC1_6_1.txt,egreedy-tuned,300,0,70,17199.616,87199616,84.543
examples/pdptw/pdptw_600/LC1_6_4.txt,egreedy-tuned,300,0,69,20204.894,89204894,156.620
examples/pdptw/pdptw_600/LC1_6_5.txt,egreedy-tuned,300,0,72,17116.041,89116041,81.392
examples/pdptw/pdptw_100/lc101.txt,egreedy-tuned,300,0,10,828.96,10828960,0.864
examples/pdptw/pdptw_100/lc103.txt,egreedy-tuned,300,0,10,836.704,10836704,57.100
examples/pdptw/pdptw_100/lc102.txt,egreedy-tuned,300,0,10,828.96,10828960,2.315
examples/pdptw/pdptw_100/lc105.txt,egreedy-tuned,300,0,10,828.96,10828960,1.219
examples/pdptw/pdptw_100/lc104.txt,egreedy-tuned,300,0,10,819.908,10819908,14.723
examples/pdptw/pdptw_200/LC1_2_1.txt,ucb-tuned,300,0,24,3226.154,27226154,69.363
examples/pdptw/pdptw_200/LC1_2_2.txt,ucb-tuned,300,0,25,3657.105,28657105,101.218
examples/pdptw/pdptw_200/LC1_2_3.txt,ucb-tuned,300,0,22,3796.167,25796167,133.582
examples/pdptw/pdptw_200/LC1_2_4.txt,ucb-tuned,300,0,20,3209.533,23209533,108.600
examples/pdptw/pdptw_200/LC1_2_5.txt,ucb-tuned,300,0,25,3592.041,28592041,94.952
examples/pdptw/pdptw_400/LC1_4_1.txt,ucb-tuned,300,0,54,9635.966,63635966,246.011
examples/pdptw/pdptw_400/LC1_4_2.txt,ucb-tuned,300,26,65,18611.491,26083611491,300.000
examples/pdptw/pdptw_400/LC1_4_5.txt,ucb-tuned,300,0,60,11116.634,71116634,224.307
examples/pdptw/pdptw_400/LC1_4_3.txt,ucb-tuned,300,30,55,17376.295,30072376295,300.000
examples/pdptw/pdptw_400/LC1_4_4.txt,ucb-tuned,300,50,33,12707.204,50045707204,300.000
examples/pdptw/pdptw_600/LC1_6_1.txt,ucb-tuned,300,106,127,33731.361,106160731361,300.000
examples/pdptw/pdptw_600/LC1_6_2.txt,ucb-tuned,300,248,63,19507.194,248082507194,300.000
examples/pdptw/pdptw_600/LC1_6_3.txt,ucb-tuned,300,294,37,13750.368,294050750368,300.000
examples/pdptw/pdptw_600/LC1_6_5.txt,ucb-tuned,300,100,118,35550.114,100153550114,300.000
examples/pdptw/pdptw_100/lc101.txt,ucb-tuned,300,0,11,869.913,11869913,18.135
examples/pdptw/pdptw_100/lc102.txt,ucb-tuned,300,0,10,828.96,10828960,4.431
examples/pdptw/pdptw_100/lc103.txt,ucb-tuned,300,0,11,931.753,11931753,19.699
examples/pdptw/pdptw_600/LC1_6_4.txt,ucb-tuned,300,330,26,10246.397,330036246397,300.000
examples/pdptw/pdptw_100/lc104.txt,ucb-tuned,300,0,10,866.871,10866871,17.701
examples/pdptw/pdptw_100/lc105.txt,ucb-tuned,300,0,10,828.96,10828960,18.422
examples/pdptw/pdptw_200/LC1_2_1.txt,egreedy-tuned,300,0,21,2798.462,23798462,30.908
examples/pdptw/pdptw_200/LC1_2_2.txt,egreedy-tuned,300,0,22,3369.156,25369156,60.972
examples/pdptw/pdptw_200/LC1_2_3.txt,egreedy-tuned,300,0,20,3298.329,23298329,24.108
examples/pdptw/pdptw_200/LC1_2_4.txt,egreedy-tuned,300,0,19,3121.863,22121863,48.592
examples/pdptw/pdptw_200/LC1_2_5.txt,egreedy-tuned,300,0,21,2821.344,23821344,19.852
examples/pdptw/pdptw_400/LC1_4_1.txt,egreedy-tuned,300,0,44,7805.974,51805974,55.290
examples/pdptw/pdptw_400/LC1_4_2.txt,egreedy-tuned,300,0,45,9155.417,54155417,56.654
examples/pdptw/pdptw_400/LC1_4_4.txt,egreedy-tuned,300,0,37,9355.002,46355002,118.015
examples/pdptw/pdptw_400/LC1_4_3.txt,egreedy-tuned,300,0,44,10163.062,54163062,58.873
examples/pdptw/pdptw_400/LC1_4_5.txt,egreedy-tuned,300,0,46,8502.141,54502141,83.293
examples/pdptw/pdptw_600/LC1_6_1.txt,egreedy-tuned,300,0,68,15814.806,83814806,80.345
examples/pdptw/pdptw_600/LC1_6_2.txt,egreedy-tuned,300,0,72,18019.38,90019380,87.469
examples/pdptw/pdptw_600/LC1_6_3.txt,egreedy-tuned,300,0,70,19260.146,89260146,117.182
examples/pdptw/pdptw_600/LC1_6_4.txt,egreedy-tuned,300,0,69,20341.445,89341445,154.551
examples/pdptw/pdptw_600/LC1_6_5.txt,egreedy-tuned,300,0,74,19015.115,93015115,98.304
examples/pdptw/pdptw_100/lc101.txt,egreedy-tuned,300,0,10,828.96,10828960,0.787
examples/pdptw/pdptw_100/lc102.txt,egreedy-tuned,300,0,10,828.96,10828960,2.145
examples/pdptw/pdptw_100/lc103.txt,egreedy-tuned,300,0,10,836.704,10836704,57.475
examples/pdptw/pdptw_100/lc104.txt,egreedy-tuned,300,0,10,819.908,10819908,15.066
examples/pdptw/pdptw_100/lc105.txt,egreedy-tuned,300,0,10,828.96,10828960,1.201
examples/pdptw/pdptw_200/LC1_2_1.txt,ucb-tuned,300,0,21,2887.537,23887537,53.477
examples/pdptw/pdptw_200/LC1_2_2.txt,ucb-tuned,300,0,24,3523.12,27523120,97.101
examples/pdptw/pdptw_200/LC1_2_3.txt,ucb-tuned,300,0,23,3882.933,26882933,133.045
examples/pdptw/pdptw_200/LC1_2_4.txt,ucb-tuned,300,0,21,3189.49,24189490,120.533
examples/pdptw/pdptw_200/LC1_2_5.txt,ucb-tuned,300,0,25,3280.408,28280408,96.382
examples/pdptw/pdptw_400/LC1_4_2.txt,ucb-tuned,300,24,65,18140.124,24083140124,300.000
examples/pdptw/pdptw_400/LC1_4_1.txt,ucb-tuned,300,0,54,9635.966,63635966,238.748
examples/pdptw/pdptw_400/LC1_4_4.txt,ucb-tuned,300,50,33,12639.845,50045639845,300.000
examples/pdptw/pdptw_400/LC1_4_3.txt,ucb-tuned,300,30,55,17369.743,30072369743,300.000
examples/pdptw/pdptw_400/LC1_4_5.txt,ucb-tuned,300,0,58,10554.595,68554595,236.493
examples/pdptw/pdptw_600/LC1_6_1.txt,ucb-tuned,300,68,136,37235.901,68173235901,300.000
examples/pdptw/pdptw_600/LC1_6_2.txt,ucb-tuned,300,232,65,20577.11,232085577110,300.000
examples/pdptw/pdptw_600/LC1_6_4.txt,ucb-tuned,300,330,26,10245.513,330036245513,300.000
examples/pdptw/pdptw_600/LC1_6_5.txt,ucb-tuned,300,38,128,40479.193,38168479193,300.000
examples/pdptw/pdptw_100/lc101.txt,ucb-tuned,300,0,11,861.966,11861966,16.547
examples/pdptw/pdptw_600/LC1_6_3.txt,ucb-tuned,300,320,36,12783.535,320048783535,300.000
examples/pdptw/pdptw_100/lc102.txt,ucb-tuned,300,0,10,828.96,10828960,4.008
examples/pdptw/pdptw_100/lc103.txt,ucb-tuned,300,0,10,889.469,10889469,34.585
examples/pdptw/pdptw_100/lc105.txt,ucb-tuned,300,0,11,859.085,11859085,16.614
examples/pdptw/pdptw_100/lc104.txt,ucb-tuned,300,0,11,878.136,11878136,15.732
examples/pdptw/pdptw_200/LC1_2_1.txt,egreedy-tuned,300,0,21,2798.462,23798462,20.487
examples/pdptw/pdptw_200/LC1_2_2.txt,egreedy-tuned,300,0,22,3332.122,25332122,62.520
examples/pdptw/pdptw_200/LC1_2_3.txt,egreedy-tuned,300,0,20,3595.599,23595599,31.582
examples/pdptw/pdptw_200/LC1_2_4.txt,egreedy-tuned,300,0,19,3014.235,22014235,39.780
examples/pdptw/pdptw_400/LC1_4_1.txt,egreedy-tuned,300,0,44,7791.189,51791189,59.055
examples/pdptw/pdptw_200/LC1_2_5.txt,egreedy-tuned,300,0,22,2967.15,24967150,32.815
examples/pdptw/pdptw_400/LC1_4_2.txt,egreedy-tuned,300,0,48,9399.255,57399255,63.819
examples/pdptw/pdptw_400/LC1_4_3.txt,egreedy-tuned,300,0,43,9065.606,52065606,43.030
examples/pdptw/pdptw_400/LC1_4_4.txt,egreedy-tuned,300,0,37,8663.64,45663640,111.322
examples/pdptw/pdptw_400/LC1_4_5.txt,egreedy-tuned,300,0,46,8552.56,54552560,81.575
examples/pdptw/pdptw_600/LC1_6_1.txt,egreedy-tuned,300,0,72,17246.612,89246612,89.376
examples/pdptw/pdptw_600/LC1_6_3.txt,egreedy-tuned,300,0,70,19152.844,89152844,114.676
examples/pdptw/pdptw_600/LC1_6_2.txt,egreedy-tuned,300,0,70,17645.0,87645000,82.955
examples/pdptw/pdptw_600/LC1_6_4.txt,egreedy-tuned,300,0,69,20341.445,89341445,156.465
examples/pdptw/pdptw_600/LC1_6_5.txt,egreedy-tuned,300,0,73,18172.23,91172230,93.122
examples/pdptw/pdptw_100/lc101.txt,egreedy-tuned,300,0,10,828.96,10828960,0.896
examples/pdptw/pdptw_100/lc102.txt,egreedy-tuned,300,0,10,828.96,10828960,2.040
examples/pdptw/pdptw_100/lc103.txt,egreedy-tuned,300,0,10,836.704,10836704,55.915
examples/pdptw/pdptw_100/lc104.txt,egreedy-tuned,300,0,10,819.908,10819908,14.996
examples/pdptw/pdptw_100/lc105.txt,egreedy-tuned,300,0,10,828.96,10828960,0.967
examples/pdptw/pdptw_200/LC1_2_1.txt,ucb-tuned,300,0,21,2787.678,23787678,33.583
examples/pdptw/pdptw_200/LC1_2_4.txt,ucb-tuned,300,0,20,2978.293,22978293,101.439
examples/pdptw/pdptw_200/LC1_2_3.txt,ucb-tuned,300,0,22,3698.295,25698295,115.183
examples/pdptw/pdptw_200/LC1_2_2.txt,ucb-tuned,300,0,25,3451.521,28451521,101.717
examples/pdptw/pdptw_200/LC1_2_5.txt,ucb-tuned,300,0,24,3324.55,27324550,91.665
examples/pdptw/pdptw_400/LC1_4_1.txt,ucb-tuned,300,0,57,10776.102,67776102,259.541
examples/pdptw/pdptw_400/LC1_4_3.txt,ucb-tuned,300,30,55,17344.171,30072344171,300.000
examples/pdptw/pdptw_400/LC1_4_2.txt,ucb-tuned,300,24,65,18317.546,24083317546,300.000
examples/pdptw/pdptw_400/LC1_4_5.txt,ucb-tuned,300,0,57,10474.678,67474678,218.285
examples/pdptw/pdptw_400/LC1_4_4.txt,ucb-tuned,300,50,33,12687.955,50045687955,300.000
examples/pdptw/pdptw_600/LC1_6_1.txt,ucb-tuned,300,72,135,36896.105,72171896105,300.000
examples/pdptw/pdptw_600/LC1_6_3.txt,ucb-tuned,300,306,36,13260.819,306049260819,300.000
examples/pdptw/pdptw_600/LC1_6_5.txt,ucb-tuned,300,34,128,40544.369,34168544369,300.000
examples/pdptw/pdptw_600/LC1_6_4.txt,ucb-tuned,300,330,26,10236.475,330036236475,300.000
examples/pdptw/pdptw_100/lc101.txt,ucb-tuned,300,0,11,869.913,11869913,17.912
examples/pdptw/pdptw_600/LC1_6_2.txt,ucb-tuned,300,226,65,20744.326,226085744326,300.000
examples/pdptw/pdptw_100/lc102.txt,ucb-tuned,300,0,10,828.96,10828960,4.429
examples/pdptw/pdptw_100/lc103.txt,ucb-tuned,300,0,11,990.884,11990884,12.535
examples/pdptw/pdptw_100/lc104.txt,ucb-tuned,300,0,10,841.83,10841830,11.214
examples/pdptw/pdptw_100/lc105.txt,ucb-tuned,300,0,10,828.96,10828960,9.970
examples/pdptw/pdptw_200/LC1_2_1.txt,egreedy-tuned,300,0,21,2787.678,23787678,14.161
examples/pdptw/pdptw_200/LC1_2_2.txt,egreedy-tuned,300,0,22,3153.225,25153225,47.087
examples/pdptw/pdptw_200/LC1_2_3.txt,egreedy-tuned,300,0,20,3447.486,23447486,38.579
examples/pdptw/pdptw_200/LC1_2_4.txt,egreedy-tuned,300,0,19,3735.789,22735789,80.878
examples/pdptw/pdptw_200/LC1_2_5.txt,egreedy-tuned,300,0,23,2923.342,25923342,49.098
examples/pdptw/pdptw_400/LC1_4_1.txt,egreedy-tuned,300,0,45,7796.206,52796206,48.308
examples/pdptw/pdptw_400/LC1_4_2.txt,egreedy-tuned,300,0,48,10373.719,58373719,79.394
examples/pdptw/pdptw_400/LC1_4_4.txt,egreedy-tuned,300,0,38,9387.799,47387799,117.799
examples/pdptw/pdptw_400/LC1_4_3.txt,egreedy-tuned,300,0,45,10798.363,55798363,61.346
examples/pdptw/pdptw_400/LC1_4_5.txt,egreedy-tuned,300,0,49,9466.609,58466609,92.415
examples/pdptw/pdptw_600/LC1_6_1.txt,egreedy-tuned,300,0,71,17599.55,88599550,87.950
examples/pdptw/pdptw_600/LC1_6_2.txt,egreedy-tuned,300,0,71,18366.389,89366389,82.764
examples/pdptw/pdptw_600/LC1_6_3.txt,egreedy-tuned,300,0,72,19452.175,91452175,117.197
examples/pdptw/pdptw_600/LC1_6_4.txt,egreedy-tuned,300,0,70,20763.733,90763733,154.325
examples/pdptw/pdptw_600/LC1_6_5.txt,egreedy-tuned,300,0,70,17011.398,87011398,88.713
examples/pdptw/pdptw_100/lc101.txt,egreedy-tuned,300,0,10,828.96,10828960,0.830
examples/pdptw/pdptw_100/lc102.txt,egreedy-tuned,300,0,10,828.96,10828960,1.939
examples/pdptw/pdptw_100/lc103.txt,egreedy-tuned,300,0,10,836.704,10836704,56.905
examples/pdptw/pdptw_100/lc104.txt,egreedy-tuned,300,0,10,819.908,10819908,14.831
examples/pdptw/pdptw_100/lc105.txt,egreedy-tuned,300,0,10,828.96,10828960,1.118
examples/pdptw/pdptw_200/LC1_2_1.txt,ucb-tuned,300,0,21,2813.299,23813299,42.209
examples/pdptw/pdptw_200/LC1_2_2.txt,ucb-tuned,300,0,24,3520.652,27520652,93.951
examples/pdptw/pdptw_200/LC1_2_3.txt,ucb-tuned,300,0,23,3824.959,26824959,129.234
examples/pdptw/pdptw_200/LC1_2_4.txt,ucb-tuned,300,0,21,3291.229,24291229,108.717
examples/pdptw/pdptw_200/LC1_2_5.txt,ucb-tuned,300,0,25,3785.015,28785015,103.033
examples/pdptw/pdptw_400/LC1_4_1.txt,ucb-tuned,300,0,60,11333.566,71333566,262.343
examples/pdptw/pdptw_400/LC1_4_2.txt,ucb-tuned,300,28,64,18450.805,28082450805,300.000
examples/pdptw/pdptw_400/LC1_4_5.txt,ucb-tuned,300,0,57,10542.709,67542709,220.549
examples/pdptw/pdptw_400/LC1_4_4.txt,ucb-tuned,300,50,33,12673.923,50045673923,300.000
examples/pdptw/pdptw_400/LC1_4_3.txt,ucb-tuned,300,30,55,17310.109,30072310109,300.000
examples/pdptw/pdptw_600/LC1_6_1.txt,ucb-tuned,300,74,135,36888.347,74171888347,300.000
examples/pdptw/pdptw_600/LC1_6_2.txt,ucb-tuned,300,218,65,21040.514,218086040514,300.000
examples/pdptw/pdptw_600/LC1_6_5.txt,ucb-tuned,300,74,121,37262.615,74158262615,300.000
examples/pdptw/pdptw_600/LC1_6_3.txt,ucb-tuned,300,328,36,12579.31,328048579310,300.000
examples/pdptw/pdptw_100/lc101.txt,ucb-tuned,300,0,11,857.093,11857093,15.910
examples/pdptw/pdptw_100/lc102.txt,ucb-tuned,300,0,10,828.96,10828960,4.095
examples/pdptw/pdptw_100/lc103.txt,ucb-tuned,300,0,11,911.931,11911931,32.384
examples/pdptw/pdptw_600/LC1_6_4.txt,ucb-tuned,300,330,26,10245.513,330036245513,300.000
examples/pdptw/pdptw_100/lc104.txt,ucb-tuned,300,0,10,849.17,10849170,31.391
examples/pdptw/pdptw_100/lc105.txt,ucb-tuned,300,0,10,828.96,10828960,15.993
examples/pdptw/pdptw_200/LC1_2_1.txt,egreedy-tuned,300,0,21,2814.03,23814030,19.082
examples/pdptw/pdptw_200/LC1_2_2.txt,egreedy-tuned,300,0,22,3510.647,25510647,66.978
examples/pdptw/pdptw_200/LC1_2_3.txt,egreedy-tuned,300,0,20,3837.654,23837654,56.853
examples/pdptw/pdptw_200/LC1_2_4.txt,egreedy-tuned,300,0,19,3686.023,22686023,80.814
examples/pdptw/pdptw_200/LC1_2_5.txt,egreedy-tuned,300,0,22,2991.867,24991867,36.700
examples/pdptw/pdptw_400/LC1_4_1.txt,egreedy-tuned,300,0,45,7735.041,52735041,39.606
examples/pdptw/pdptw_400/LC1_4_3.txt,egreedy-tuned,300,0,43,9285.808,52285808,47.720
examples/pdptw/pdptw_400/LC1_4_2.txt,egreedy-tuned,300,0,47,9965.024,56965024,72.119
examples/pdptw/pdptw_400/LC1_4_4.txt,egreedy-tuned,300,0,39,8812.318,47812318,117.514
examples/pdptw/pdptw_400/LC1_4_5.txt,egreedy-tuned,300,0,49,9758.052,58758052,99.988
examples/pdptw/pdptw_600/LC1_6_1.txt,egreedy-tuned,300,0,73,18439.407,91439407,93.673
examples/pdptw/pdptw_600/LC1_6_2.txt,egreedy-tuned,300,0,75,18874.083,93874083,91.575
examples/pdptw/pdptw_600/LC1_6_3.txt,egreedy-tuned,300,0,69,19658.07,88658070,117.411
examples/pdptw/pdptw_600/LC1_6_4.txt,egreedy-tuned,300,0,70,20709.176,90709176,157.458
examples/pdptw/pdptw_600/LC1_6_5.txt,egreedy-tuned,300,0,72,17650.216,89650216,88.723
examples/pdptw/pdptw_100/lc101.txt,egreedy-tuned,300,0,10,828.96,10828960,0.819
examples/pdptw/pdptw_100/lc102.txt,egreedy-tuned,300,0,10,828.96,10828960,2.463
examples/pdptw/pdptw_100/lc103.txt,egreedy-tuned,300,0,10,836.704,10836704,56.783
examples/pdptw/pdptw_100/lc104.txt,egreedy-tuned,300,0,10,819.908,10819908,14.343
examples/pdptw/pdptw_100/lc105.txt,egreedy-tuned,300,0,10,828.96,10828960,1.966
examples/pdptw/pdptw_200/LC1_2_1.txt,ucb-tuned,300,0,21,3005.692,24005692,47.787
examples/pdptw/pdptw_200/LC1_2_2.txt,ucb-tuned,300,0,26,3621.531,29621531,98.903
examples/pdptw/pdptw_200/LC1_2_3.txt,ucb-tuned,300,0,22,3882.815,25882815,126.015
examples/pdptw/pdptw_200/LC1_2_4.txt,ucb-tuned,300,0,21,3871.187,24871187,143.526
examples/pdptw/pdptw_200/LC1_2_5.txt,ucb-tuned,300,0,25,3417.663,28417663,102.816
examples/pdptw/pdptw_400/LC1_4_1.txt,ucb-tuned,300,0,52,9271.427,61271427,226.193
examples/pdptw/pdptw_400/LC1_4_2.txt,ucb-tuned,300,24,65,17950.614,24082950614,300.000
examples/pdptw/pdptw_400/LC1_4_5.txt,ucb-tuned,300,0,58,10702.493,68702493,223.300
examples/pdptw/pdptw_400/LC1_4_3.txt,ucb-tuned,300,30,55,17344.171,30072344171,300.000
examples/pdptw/pdptw_400/LC1_4_4.txt,ucb-tuned,300,50,33,12694.398,50045694398,300.000
examples/pdptw/pdptw_600/LC1_6_1.txt,ucb-tuned,300,76,134,36574.363,76170574363,300.000
examples/pdptw/pdptw_600/LC1_6_3.txt,ucb-tuned,300,304,36,13265.383,304049265383,300.000
examples/pdptw/pdptw_600/LC1_6_2.txt,ucb-tuned,300,222,65,20993.966,222085993966,300.000
examples/pdptw/pdptw_600/LC1_6_5.txt,ucb-tuned,300,56,126,39300.092,56165300092,300.000
examples/pdptw/pdptw_100/lc101.txt,ucb-tuned,300,0,11,857.093,11857093,17.314
examples/pdptw/pdptw_600/LC1_6_4.txt,ucb-tuned,300,330,26,10241.71,330036241710,300.000
examples/pdptw/pdptw_100/lc102.txt,ucb-tuned,300,0,10,828.96,10828960,4.138
examples/pdptw/pdptw_100/lc103.txt,ucb-tuned,300,0,11,955.777,11955777,25.093
examples/pdptw/pdptw_100/lc104.txt,ucb-tuned,300,0,10,874.763,10874763,10.362
examples/pdptw/pdptw_100/lc105.txt,ucb-tuned,300,0,10,828.96,10828960,8.419
examples/pdptw/pdptw_200/LC1_2_1.txt,egreedy-tuned,300,0,21,2893.586,23893586,22.029
examples/pdptw/pdptw_200/LC1_2_2.txt,egreedy-tuned,300,0,21,3225.222,24225222,53.371
examples/pdptw/pdptw_200/LC1_2_3.txt,egreedy-tuned,300,0,20,3093.895,23093895,19.387
examples/pdptw/pdptw_200/LC1_2_4.txt,egreedy-tuned,300,0,19,3176.532,22176532,54.395
examples/pdptw/pdptw_200/LC1_2_5.txt,egreedy-tuned,300,0,20,2743.267,22743267,26.074
examples/pdptw/pdptw_400/LC1_4_1.txt,egreedy-tuned,300,0,46,8239.927,54239927,56.224
examples/pdptw/pdptw_400/LC1_4_2.txt,egreedy-tuned,300,0,46,8758.766,54758766,59.899
examples/pdptw/pdptw_400/LC1_4_3.txt,egreedy-tuned,300,0,44,10174.368,54174368,57.987
examples/pdptw/pdptw_400/LC1_4_4.txt,egreedy-tuned,300,0,39,10226.999,49226999,126.692
examples/pdptw/pdptw_400/LC1_4_5.txt,egreedy-tuned,300,0,48,9035.93,57035930,94.115
examples/pdptw/pdptw_600/LC1_6_1.txt,egreedy-tuned,300,0,73,19157.99,92157990,89.608
examples/pdptw/pdptw_600/LC1_6_2.txt,egreedy-tuned,300,0,70,18995.085,88995085,89.181
examples/pdptw/pdptw_600/LC1_6_3.txt,egreedy-tuned,300,0,69,20050.491,89050491,113.002
examples/pdptw/pdptw_600/LC1_6_4.txt,egreedy-tuned,300,0,70,20736.317,90736317,157.598
examples/pdptw/pdptw_600/LC1_6_5.txt,egreedy-tuned,300,0,70,17705.559,87705559,82.531
examples/pdptw/pdptw_100/lc101.txt,egreedy-tuned,300,0,10,828.96,10828960,0.814
examples/pdptw/pdptw_100/lc102.txt,egreedy-tuned,300,0,10,828.96,10828960,1.926
examples/pdptw/pdptw_100/lc103.txt,egreedy-tuned,300,0,10,836.704,10836704,57.274
examples/pdptw/pdptw_100/lc104.txt,egreedy-tuned,300,0,10,819.908,10819908,14.654
examples/pdptw/pdptw_100/lc105.txt,egreedy-tuned,300,0,10,828.96,10828960,2.600
examples/pdptw/pdptw_200/LC1_2_1.txt,ucb-tuned,300,0,25,3388.879,28388879,81.014
examples/pdptw/pdptw_200/LC1_2_2.txt,ucb-tuned,300,0,25,3505.563,28505563,100.026
examples/pdptw/pdptw_200/LC1_2_3.txt,ucb-tuned,300,0,21,3646.634,24646634,114.524
examples/pdptw/pdptw_200/LC1_2_4.txt,ucb-tuned,300,0,20,3247.603,23247603,124.483
examples/pdptw/pdptw_400/LC1_4_1.txt,ucb-tuned,300,0,54,9635.966,63635966,253.219
examples/pdptw/pdptw_200/LC1_2_5.txt,ucb-tuned,300,0,25,3387.691,28387691,87.305
examples/pdptw/pdptw_400/LC1_4_2.txt,ucb-tuned,300,24,65,18219.936,24083219936,300.000
examples/pdptw/pdptw_400/LC1_4_3.txt,ucb-tuned,300,30,55,17246.718,30072246718,300.000
examples/pdptw/pdptw_400/LC1_4_5.txt,ucb-tuned,300,0,52,10003.934,62003934,202.450
examples/pdptw/pdptw_400/LC1_4_4.txt,ucb-tuned,300,50,33,12685.259,50045685259,300.000
examples/pdptw/pdptw_600/LC1_6_2.txt,ucb-tuned,300,234,65,20276.642,234085276642,300.000
examples/pdptw/pdptw_600/LC1_6_1.txt,ucb-tuned,300,54,138,38717.573,54176717573,300.000
examples/pdptw/pdptw_600/LC1_6_5.txt,ucb-tuned,300,26,131,41628.465,26172628465,300.000
examples/pdptw/pdptw_600/LC1_6_4.txt,ucb-tuned,300,330,26,10161.714,330036161714,300.000
examples/pdptw/pdptw_100/lc101.txt,ucb-tuned,300,0,11,869.913,11869913,18.004
examples/pdptw/pdptw_600/LC1_6_3.txt,ucb-tuned,300,314,36,13009.973,314049009973,300.000
examples/pdptw/pdptw_100/lc102.txt,ucb-tuned,300,0,10,828.96,10828960,4.774
examples/pdptw/pdptw_100/lc103.txt,ucb-tuned,300,0,11,930.709,11930709,32.956
examples/pdptw/pdptw_100/lc104.txt,ucb-tuned,300,0,10,841.83,10841830,11.787
examples/pdptw/pdptw_100/lc105.txt,ucb-tuned,300,0,11,883.156,11883156,23.138
examples/pdptw/pdptw_200/LC1_2_2.txt,egreedy-tuned,300,0,22,3167.65,25167650,55.938
examples/pdptw/pdptw_200/LC1_2_1.txt,egreedy-tuned,300,0,20,2706.044,22706044,13.837
examples/pdptw/pdptw_200/LC1_2_3.txt,egreedy-tuned,300,0,20,3111.545,23111545,14.246
examples/pdptw/pdptw_200/LC1_2_4.txt,egreedy-tuned,300,0,19,3297.959,22297959,70.505
examples/pdptw/pdptw_400/LC1_4_1.txt,egreedy-tuned,300,0,43,7809.179,50809179,44.981
examples/pdptw/pdptw_200/LC1_2_5.txt,egreedy-tuned,300,0,21,2873.563,23873563,30.726
examples/pdptw/pdptw_400/LC1_4_2.txt,egreedy-tuned,300,0,47,8724.997,55724997,59.015
examples/pdptw/pdptw_400/LC1_4_3.txt,egreedy-tuned,300,0,45,8773.027,53773027,40.959
examples/pdptw/pdptw_400/LC1_4_4.txt,egreedy-tuned,300,0,38,10643.038,48643038,129.080
examples/pdptw/pdptw_400/LC1_4_5.txt,egreedy-tuned,300,0,50,9759.064,59759064,90.696
examples/pdptw/pdptw_600/LC1_6_1.txt,egreedy-tuned,300,0,74,17630.432,91630432,95.544
examples/pdptw/pdptw_600/LC1_6_2.txt,egreedy-tuned,300,0,72,17841.012,89841012,83.127
examples/pdptw/pdptw_600/LC1_6_4.txt,egreedy-tuned,300,0,70,20451.827,90451827,156.444
examples/pdptw/pdptw_600/LC1_6_3.txt,egreedy-tuned,300,0,70,19260.146,89260146,117.457
examples/pdptw/pdptw_600/LC1_6_5.txt,egreedy-tuned,300,0,75,19528.515,94528515,96.461
examples/pdptw/pdptw_100/lc101.txt,egreedy-tuned,300,0,10,828.96,10828960,0.965
examples/pdptw/pdptw_100/lc102.txt,egreedy-tuned,300,0,10,828.96,10828960,1.872
examples/pdptw/pdptw_100/lc103.txt,egreedy-tuned,300,0,10,836.704,10836704,56.858
examples/pdptw/pdptw_100/lc104.txt,egreedy-tuned,300,0,10,819.908,10819908,14.668
examples/pdptw/pdptw_100/lc105.txt,egreedy-tuned,300,0,10,828.96,10828960,0.854
examples/pdptw/pdptw_200/LC1_2_1.txt,ucb-tuned,300,0,27,3504.585,30504585,89.386
examples/pdptw/pdptw_200/LC1_2_2.txt,ucb-tuned,300,0,24,3252.715,27252715,78.071
examples/pdptw/pdptw_200/LC1_2_3.txt,ucb-tuned,300,0,21,3902.026,24902026,122.951
examples/pdptw/pdptw_200/LC1_2_4.txt,ucb-tuned,300,0,20,3382.497,23382497,128.821
examples/pdptw/pdptw_400/LC1_4_1.txt,ucb-tuned,300,0,65,12226.363,77226363,265.032
examples/pdptw/pdptw_200/LC1_2_5.txt,ucb-tuned,300,0,26,3578.813,29578813,98.067
examples/pdptw/pdptw_400/LC1_4_2.txt,ucb-tuned,300,26,65,18611.491,26083611491,300.000
examples/pdptw/pdptw_400/LC1_4_4.txt,ucb-tuned,300,50,33,12709.441,50045709441,300.000
examples/pdptw/pdptw_400/LC1_4_5.txt,ucb-tuned,300,0,60,11101.351,71101351,214.990
examples/pdptw/pdptw_400/LC1_4_3.txt,ucb-tuned,300,30,55,17344.171,30072344171,300.000
examples/pdptw/pdptw_600/LC1_6_2.txt,ucb-tuned,300,226,65,20744.326,226085744326,300.000
examples/pdptw/pdptw_600/LC1_6_1.txt,ucb-tuned,300,88,131,35393.421,88166393421,300.000
examples/pdptw/pdptw_600/LC1_6_5.txt,ucb-tuned,300,44,127,40079.276,44167079276,300.000
examples/pdptw/pdptw_600/LC1_6_4.txt,ucb-tuned,300,330,26,10227.515,330036227515,300.000
examples/pdptw/pdptw_600/LC1_6_3.txt,ucb-tuned,300,308,36,13102.264,308049102264,300.000
examples/pdptw/pdptw_100/lc101.txt,ucb-tuned,300,0,11,857.093,11857093,16.614
examples/pdptw/pdptw_100/lc102.txt,ucb-tuned,300,0,10,828.96,10828960,4.460
examples/pdptw/pdptw_100/lc103.txt,ucb-tuned,300,0,11,978.355,11978355,17.140
examples/pdptw/pdptw_100/lc105.txt,ucb-tuned,300,0,10,828.96,10828960,4.789
examples/pdptw/pdptw_100/lc104.txt,ucb-tuned,300,0,10,849.17,10849170,15.569
examples/pdptw/pdptw_200/LC1_2_1.txt,egreedy-tuned,300,0,21,2813.299,23813299,21.111
examples/pdptw/pdptw_200/LC1_2_2.txt,egreedy-tuned,300,0,21,3379.35,24379350,54.426
examples/pdptw/pdptw_200/LC1_2_4.txt,egreedy-tuned,300,0,19,3095.255,22095255,45.524
examples/pdptw/pdptw_200/LC1_2_3.txt,egreedy-tuned,300,0,19,3013.551,22013551,21.141
examples/pdptw/pdptw_200/LC1_2_5.txt,egreedy-tuned,300,0,21,2777.986,23777986,38.041
examples/pdptw/pdptw_400/LC1_4_1.txt,egreedy-tuned,300,0,45,8106.498,53106498,54.349
examples/pdptw/pdptw_400/LC1_4_2.txt,egreedy-tuned,300,0,47,9813.236,56813236,70.341
examples/pdptw/pdptw_400/LC1_4_3.txt,egreedy-tuned,300,0,43,9364.87,52364870,50.574
examples/pdptw/pdptw_400/LC1_4_4.txt,egreedy-tuned,300,0,38,9024.975,47024975,105.683
examples/pdptw/pdptw_400/LC1_4_5.txt,egreedy-tuned,300,0,49,8943.36,57943360,81.154
examples/pdptw/pdptw_600/LC1_6_1.txt,egreedy-tuned,300,0,76,18524.497,94524497,98.664
examples/pdptw/pdptw_600/LC1_6_2.txt,egreedy-tuned,300,0,71,17817.627,88817627,84.599
examples/pdptw/pdptw_600/LC1_6_4.txt,egreedy-tuned,300,0,71,21550.857,92550857,162.848
examples/pdptw/pdptw_600/LC1_6_3.txt,egreedy-tuned,300,0,70,19260.146,89260146,117.452
examples/pdptw/pdptw_600/LC1_6_5.txt,egreedy-tuned,300,0,70,17595.184,87595184,84.623
examples/pdptw/pdptw_100/lc101.txt,egreedy-tuned,300,0,10,828.96,10828960,1.054
examples/pdptw/pdptw_100/lc102.txt,egreedy-tuned,300,0,10,828.96,10828960,2.034
examples/pdptw/pdptw_100/lc103.txt,egreedy-tuned,300,0,10,836.704,10836704,56.964
examples/pdptw/pdptw_100/lc104.txt,egreedy-tuned,300,0,10,819.908,10819908,15.103
examples/pdptw/pdptw_100/lc105.txt,egreedy-tuned,300,0,10,828.96,10828960,1.318
examples/pdptw/pdptw_200/LC1_2_1.txt,ucb-tuned,300,0,25,3412.595,28412595,81.900
examples/pdptw/pdptw_200/LC1_2_2.txt,ucb-tuned,300,0,26,3763.235,29763235,109.465
examples/pdptw/pdptw_200/LC1_2_3.txt,ucb-tuned,300,0,23,4351.511,27351511,144.935
examples/pdptw/pdptw_400/LC1_4_1.txt,ucb-tuned,300,0,61,11497.997,72497997,264.345
examples/pdptw/pdptw_200/LC1_2_4.txt,ucb-tuned,300,0,20,3571.6,23571600,129.564
examples/pdptw/pdptw_200/LC1_2_5.txt,ucb-tuned,300,0,25,3373.654,28373654,89.644
examples/pdptw/pdptw_400/LC1_4_2.txt,ucb-tuned,300,24,65,18219.936,24083219936,300.000
examples/pdptw/pdptw_400/LC1_4_5.txt,ucb-tuned,300,0,59,10564.726,69564726,216.280
examples/pdptw/pdptw_400/LC1_4_3.txt,ucb-tuned,300,30,55,17421.547,30072421547,300.000
examples/pdptw/pdptw_400/LC1_4_4.txt,ucb-tuned,300,50,33,12639.845,50045639845,300.000
examples/pdptw/pdptw_600/LC1_6_1.txt,ucb-tuned,300,84,131,35537.654,84166537654,300.000
examples/pdptw/pdptw_600/LC1_6_2.txt,ucb-tuned,300,228,65,20727.085,228085727085,300.000
examples/pdptw/pdptw_600/LC1_6_5.txt,ucb-tuned,300,60,124,38654.537,60162654537,300.000
examples/pdptw/pdptw_600/LC1_6_4.txt,ucb-tuned,300,330,26,10236.475,330036236475,300.000
examples/pdptw/pdptw_100/lc101.txt,ucb-tuned,300,0,11,869.913,11869913,17.599
examples/pdptw/pdptw_600/LC1_6_3.txt,ucb-tuned,300,306,36,13260.819,306049260819,300.000
examples/pdptw/pdptw_100/lc102.txt,ucb-tuned,300,0,10,828.96,10828960,4.148
examples/pdptw/pdptw_100/lc103.txt,ucb-tuned,300,0,11,930.031,11930031,26.853
examples/pdptw/pdptw_100/lc104.txt,ucb-tuned,300,0,10,886.055,10886055,13.770
examples/pdptw/pdptw_100/lc105.txt,ucb-tuned,300,0,10,828.96,10828960,5.369
examples/pdptw/pdptw_200/LC1_2_1.txt,egreedy-tuned,300,0,21,2798.462,23798462,14.941
examples/pdptw/pdptw_200/LC1_2_2.txt,egreedy-tuned,300,0,23,3256.726,26256726,62.846
examples/pdptw/pdptw_200/LC1_2_3.txt,egreedy-tuned,300,0,20,3084.918,23084918,25.770
examples/pdptw/pdptw_200/LC1_2_4.txt,egreedy-tuned,300,0,19,2940.948,21940948,64.388
examples/pdptw/pdptw_200/LC1_2_5.txt,egreedy-tuned,300,0,21,2834.172,23834172,28.442
examples/pdptw/pdptw_400/LC1_4_1.txt,egreedy-tuned,300,0,46,8898.727,54898727,65.961
examples/pdptw/pdptw_400/LC1_4_2.txt,egreedy-tuned,300,0,49,9566.396,58566396,68.861
examples/pdptw/pdptw_400/LC1_4_4.txt,egreedy-tuned,300,0,39,9925.725,48925725,124.131
examples/pdptw/pdptw_400/LC1_4_3.txt,egreedy-tuned,300,0,43,11418.142,54418142,76.251
examples/pdptw/pdptw_400/LC1_4_5.txt,egreedy-tuned,300,0,47,9216.565,56216565,93.134
examples/pdptw/pdptw_600/LC1_6_1.txt,egreedy-tuned,300,0,74,18931.43,92931430,94.275
examples/pdptw/pdptw_600/LC1_6_3.txt,egreedy-tuned,300,0,68,20118.677,88118677,112.446
examples/pdptw/pdptw_600/LC1_6_2.txt,egreedy-tuned,300,0,71,18538.008,89538008,83.640
examples/pdptw/pdptw_600/LC1_6_4.txt,egreedy-tuned,300,0,70,20461.231,90461231,155.867
examples/pdptw/pdptw_100/lc101.txt,egreedy-tuned,300,0,10,828.96,10828960,0.769
examples/pdptw/pdptw_100/lc102.txt,egreedy-tuned,300,0,10,828.96,10828960,1.847
examples/pdptw/pdptw_600/LC1_6_5.txt,egreedy-tuned,300,0,74,18515.356,92515356,95.493
examples/pdptw/pdptw_100/lc104.txt,egreedy-tuned,300,0,10,819.908,10819908,14.332
examples/pdptw/pdptw_100/lc103.txt,egreedy-tuned,300,0,10,836.704,10836704,57.573
examples/pdptw/pdptw_100/lc105.txt,egreedy-tuned,300,0,10,828.96,10828960,0.906
examples/pdptw/pdptw_200/LC1_2_1.txt,ucb-tuned,300,0,22,2881.9,24881900,46.843
examples/pdptw/pdptw_200/LC1_2_2.txt,ucb-tuned,300,0,25,3527.733,28527733,93.776
examples/pdptw/pdptw_200/LC1_2_4.txt,ucb-tuned,300,0,21,3367.54,24367540,130.096
examples/pdptw/pdptw_200/LC1_2_3.txt,ucb-tuned,300,0,23,3637.992,26637992,102.351
examples/pdptw/pdptw_400/LC1_4_1.txt,ucb-tuned,300,0,75,15313.988,90313988,280.057
examples/pdptw/pdptw_400/LC1_4_2.txt,ucb-tuned,300,26,65,18551.206,26083551206,300.000
examples/pdptw/pdptw_200/LC1_2_5.txt,ucb-tuned,300,0,26,3479.335,29479335,95.790
examples/pdptw/pdptw_400/LC1_4_4.txt,ucb-tuned,300,50,33,12673.923,50045673923,300.000
examples/pdptw/pdptw_400/LC1_4_3.txt,ucb-tuned,300,30,55,17366.723,30072366723,300.000
examples/pdptw/pdptw_400/LC1_4_5.txt,ucb-tuned,300,0,58,10348.54,68348540,219.978
examples/pdptw/pdptw_600/LC1_6_1.txt,ucb-tuned,300,106,127,33731.361,106160731361,300.000
examples/pdptw/pdptw_600/LC1_6_5.txt,ucb-tuned,300,42,128,40416.643,42168416643,300.000
examples/pdptw/pdptw_600/LC1_6_2.txt,ucb-tuned,300,230,65,20647.335,230085647335,300.000
examples/pdptw/pdptw_100/lc102.txt,ucb-tuned,300,0,10,828.96,10828960,4.245
examples/pdptw/pdptw_100/lc101.txt,ucb-tuned,300,0,11,869.913,11869913,18.060
examples/pdptw/pdptw_600/LC1_6_3.txt,ucb-tuned,300,308,36,13102.264,308049102264,300.000
examples/pdptw/pdptw_600/LC1_6_4.txt,ucb-tuned,300,330,26,10227.515,330036227515,300.000
examples/pdptw/pdptw_100/lc103.txt,ucb-tuned,300,0,10,897.797,10897797,22.270
examples/pdptw/pdptw_100/lc104.txt,ucb-tuned,300,0,10,824.802,10824802,16.896
examples/pdptw/pdptw_100/lc105.txt,ucb-tuned,300,0,10,828.96,10828960,10.783
examples/pdptw/pdptw_200/LC1_2_1.txt,egreedy-tuned,300,0,21,2746.327,23746327,12.096
examples/pdptw/pdptw_200/LC1_2_3.txt,egreedy-tuned,300,0,20,3358.857,23358857,23.513
examples/pdptw/pdptw_200/LC1_2_2.txt,egreedy-tuned,300,0,21,2967.245,23967245,53.497
examples/pdptw/pdptw_200/LC1_2_4.txt,egreedy-tuned,300,0,19,3199.008,22199008,52.812
examples/pdptw/pdptw_200/LC1_2_5.txt,egreedy-tuned,300,0,22,2970.014,24970014,42.252
examples/pdptw/pdptw_400/LC1_4_1.txt,egreedy-tuned,300,0,46,8187.317,54187317,64.955
examples/pdptw/pdptw_400/LC1_4_2.txt,egreedy-tuned,300,0,47,9988.323,56988323,68.849
examples/pdptw/pdptw_400/LC1_4_4.txt,egreedy-tuned,300,0,38,10084.846,48084846,118.186
examples/pdptw/pdptw_400/LC1_4_3.txt,egreedy-tuned,300,0,44,11346.641,55346641,60.412
examples/pdptw/pdptw_400/LC1_4_5.txt,egreedy-tuned,300,0,49,9266.375,58266375,92.350
examples/pdptw/pdptw_600/LC1_6_1.txt,egreedy-tuned,300,0,71,17128.954,88128954,83.747
examples/pdptw/pdptw_600/LC1_6_3.txt,egreedy-tuned,300,0,69,19236.374,88236374,116.782
examples/pdptw/pdptw_600/LC1_6_2.txt,egreedy-tuned,300,0,72,19042.077,91042077,90.353
examples/pdptw/pdptw_600/LC1_6_5.txt,egreedy-tuned,300,0,73,17962.14,90962140,90.515
examples/pdptw/pdptw_600/LC1_6_4.txt,egreedy-tuned,300,0,70,20760.105,90760105,158.215
examples/pdptw/pdptw_100/lc102.txt,egreedy-tuned,300,0,10,828.96,10828960,2.421
examples/pdptw/pdptw_100/lc101.txt,egreedy-tuned,300,0,10,828.96,10828960,0.892
examples/pdptw/pdptw_100/lc104.txt,egreedy-tuned,300,0,10,819.908,10819908,14.987
examples/pdptw/pdptw_100/lc103.txt,egreedy-tuned,300,0,10,836.704,10836704,57.059
examples/pdptw/pdptw_100/lc105.txt,egreedy-tuned,300,0,10,828.96,10828960,1.030
examples/pdptw/pdptw_200/LC1_2_1.txt,ucb-tuned,300,0,24,3263.407,27263407,75.387
examples/pdptw/pdptw_200/LC1_2_2.txt,ucb-tuned,300,0,25,3805.556,28805556,103.980
examples/pdptw/pdptw_200/LC1_2_3.txt,ucb-tuned,300,0,23,3598.507,26598507,113.716
examples/pdptw/pdptw_200/LC1_2_4.txt,ucb-tuned,300,0,20,3187.377,23187377,122.413
examples/pdptw/pdptw_400/LC1_4_1.txt,ucb-tuned,300,0,56,10182.818,66182818,255.958
examples/pdptw/pdptw_400/LC1_4_2.txt,ucb-tuned,300,24,65,18167.091,24083167091,300.000
examples/pdptw/pdptw_200/LC1_2_5.txt,ucb-tuned,300,0,26,3501.624,29501624,96.181
examples/pdptw/pdptw_400/LC1_4_3.txt,ucb-tuned,300,30,55,17246.718,30072246718,300.000
examples/pdptw/pdptw_400/LC1_4_5.txt,ucb-tuned,300,0,60,11116.634,71116634,213.391
examples/pdptw/pdptw_400/LC1_4_4.txt,ucb-tuned,300,50,33,12687.955,50045687955,300.000
examples/pdptw/pdptw_600/LC1_6_1.txt,ucb-tuned,300,140,118,30506.833,140148506833,300.000
examples/pdptw/pdptw_600/LC1_6_2.txt,ucb-tuned,300,234,65,20276.642,234085276642,300.000
examples/pdptw/pdptw_600/LC1_6_3.txt,ucb-tuned,300,316,36,12905.949,316048905949,300.000
examples/pdptw/pdptw_600/LC1_6_5.txt,ucb-tuned,300,38,128,40479.193,38168479193,300.000
examples/pdptw/pdptw_100/lc101.txt,ucb-tuned,300,0,11,857.093,11857093,13.823
examples/pdptw/pdptw_100/lc102.txt,ucb-tuned,300,0,10,828.96,10828960,4.360
examples/pdptw/pdptw_100/lc103.txt,ucb-tuned,300,0,10,873.628,10873628,23.210
examples/pdptw/pdptw_100/lc104.txt,ucb-tuned,300,0,10,1041.174,11041174,55.124
examples/pdptw/pdptw_600/LC1_6_4.txt,ucb-tuned,300,330,26,10245.513,330036245513,300.000
examples/pdptw/pdptw_100/lc105.txt,ucb-tuned,300,0,10,828.96,10828960,14.705
examples/pdptw/pdptw_200/LC1_2_1.txt,egreedy-tuned,300,0,20,2706.044,22706044,21.410
examples/pdptw/pdptw_200/LC1_2_2.txt,egreedy-tuned,300,0,22,3086.731,25086731,59.607
examples/pdptw/pdptw_200/LC1_2_3.txt,egreedy-tuned,300,0,21,3097.587,24097587,20.875
examples/pdptw/pdptw_200/LC1_2_4.txt,egreedy-tuned,300,0,18,2787.969,20787969,19.892
examples/pdptw/pdptw_400/LC1_4_1.txt,egreedy-tuned,300,0,45,8015.881,53015881,46.964
examples/pdptw/pdptw_200/LC1_2_5.txt,egreedy-tuned,300,0,21,2883.755,23883755,45.158
examples/pdptw/pdptw_400/LC1_4_2.txt,egreedy-tuned,300,0,45,8476.329,53476329,49.156
examples/pdptw/pdptw_400/LC1_4_3.txt,egreedy-tuned,300,0,43,8764.027,51764027,39.756
examples/pdptw/pdptw_400/LC1_4_4.txt,egreedy-tuned,300,0,39,8716.323,47716323,118.757
examples/pdptw/pdptw_400/LC1_4_5.txt,egreedy-tuned,300,0,47,8747.134,55747134,82.385
examples/pdptw/pdptw_600/LC1_6_1.txt,egreedy-tuned,300,0,69,16603.563,85603563,82.510
examples/pdptw/pdptw_600/LC1_6_2.txt,egreedy-tuned,300,0,69,18798.277,87798277,86.791
examples/pdptw/pdptw_600/LC1_6_3.txt,egreedy-tuned,300,0,69,19357.704,88357704,122.679
examples/pdptw/pdptw_600/LC1_6_4.txt,egreedy-tuned,300,0,71,21607.121,92607121,163.729
examples/pdptw/pdptw_600/LC1_6_5.txt,egreedy-tuned,300,0,65,15835.632,80835632,72.465
examples/pdptw/pdptw_100/lc101.txt,egreedy-tuned,300,0,10,828.96,10828960,1.375
examples/pdptw/pdptw_100/lc102.txt,egreedy-tuned,300,0,10,828.96,10828960,2.334
examples/pdptw/pdptw_100/lc103.txt,egreedy-tuned,300,0,10,836.704,10836704,56.767
examples/pdptw/pdptw_100/lc104.txt,egreedy-tuned,300,0,10,819.908,10819908,14.819
examples/pdptw/pdptw_100/lc105.txt,egreedy-tuned,300,0,10,828.96,10828960,1.425
examples/pdptw/pdptw_200/LC1_2_1.txt,ucb-tuned,300,0,24,3339.651,27339651,76.496
examples/pdptw/pdptw_200/LC1_2_2.txt,ucb-tuned,300,0,26,3633.724,29633724,106.338
examples/pdptw/pdptw_200/LC1_2_3.txt,ucb-tuned,300,0,22,3424.653,25424653,109.026
examples/pdptw/pdptw_200/LC1_2_4.txt,ucb-tuned,300,0,20,3515.021,23515021,133.644
examples/pdptw/pdptw_200/LC1_2_5.txt,ucb-tuned,300,0,25,3546.844,28546844,117.118
examples/pdptw/pdptw_400/LC1_4_1.txt,ucb-tuned,300,0,63,11854.706,74854706,264.071
examples/pdptw/pdptw_400/LC1_4_3.txt,ucb-tuned,300,30,55,17366.723,30072366723,300.000
examples/pdptw/pdptw_400/LC1_4_4.txt,ucb-tuned,300,50,33,12685.729,50045685729,300.000
examples/pdptw/pdptw_400/LC1_4_5.txt,ucb-tuned,300,0,58,10854.04,68854040,203.705
examples/pdptw/pdptw_400/LC1_4_2.txt,ucb-tuned,300,26,65,18551.206,26083551206,300.000
examples/pdptw/pdptw_600/LC1_6_1.txt,ucb-tuned,300,50,139,39336.99,50178336990,300.000
examples/pdptw/pdptw_600/LC1_6_4.txt,ucb-tuned,300,330,26,10158.044,330036158044,300.000
examples/pdptw/pdptw_600/LC1_6_2.txt,ucb-tuned,300,224,65,20865.788,224085865788,300.000
examples/pdptw/pdptw_600/LC1_6_3.txt,ucb-tuned,300,314,36,13009.973,314049009973,300.000
examples/pdptw/pdptw_600/LC1_6_5.txt,ucb-tuned,300,70,122,37579.673,70159579673,300.000
examples/pdptw/pdptw_100/lc101.txt,ucb-tuned,300,0,11,869.913,11869913,17.951
examples/pdptw/pdptw_100/lc102.txt,ucb-tuned,300,0,10,828.96,10828960,4.690
examples/pdptw/pdptw_100/lc103.txt,ucb-tuned,300,0,11,917.952,11917952,22.446
examples/pdptw/pdptw_100/lc104.txt,ucb-tuned,300,0,10,824.802,10824802,10.421
examples/pdptw/pdptw_100/lc105.txt,ucb-tuned,300,0,10,828.96,10828960,7.731
examples/pdptw/pdptw_200/LC1_2_1.txt,egreedy-tuned,300,0,20,2706.044,22706044,14.448
examples/pdptw/pdptw_200/LC1_2_2.txt,egreedy-tuned,300,0,22,3127.012,25127012,49.967
examples/pdptw/pdptw_200/LC1_2_4.txt,egreedy-tuned,300,0,19,3680.68,22680680,77.912
examples/pdptw/pdptw_200/LC1_2_3.txt,egreedy-tuned,300,0,20,3130.525,23130525,27.524
examples/pdptw/pdptw_200/LC1_2_5.txt,egreedy-tuned,300,0,21,2922.034,23922034,29.841
examples/pdptw/pdptw_400/LC1_4_1.txt,egreedy-tuned,300,0,45,7906.713,52906713,45.753
examples/pdptw/pdptw_400/LC1_4_2.txt,egreedy-tuned,300,0,47,8640.678,55640678,66.580
examples/pdptw/pdptw_400/LC1_4_3.txt,egreedy-tuned,300,0,44,10722.033,54722033,68.825
examples/pdptw/pdptw_400/LC1_4_4.txt,egreedy-tuned,300,0,38,9557.628,47557628,117.712
examples/pdptw/pdptw_400/LC1_4_5.txt,egreedy-tuned,300,0,50,9595.421,59595421,88.788
examples/pdptw/pdptw_600/LC1_6_1.txt,egreedy-tuned,300,0,71,16897.67,87897670,83.278
examples/pdptw/pdptw_600/LC1_6_2.txt,egreedy-tuned,300,0,71,17734.625,88734625,90.314
examples/pdptw/pdptw_600/LC1_6_4.txt,egreedy-tuned,300,0,71,21558.746,92558746,163.828
examples/pdptw/pdptw_600/LC1_6_3.txt,egreedy-tuned,300,0,69,20292.783,89292783,116.626
examples/pdptw/pdptw_100/lc101.txt,egreedy-tuned,300,0,10,828.96,10828960,1.287
examples/pdptw/pdptw_600/LC1_6_5.txt,egreedy-tuned,300,0,72,18274.235,90274235,91.258
examples/pdptw/pdptw_100/lc102.txt,egreedy-tuned,300,0,10,828.96,10828960,2.123
examples/pdptw/pdptw_100/lc103.txt,egreedy-tuned,300,0,10,828.089,10828089,59.330
examples/pdptw/pdptw_100/lc104.txt,egreedy-tuned,300,0,10,819.908,10819908,14.665
examples/pdptw/pdptw_100/lc105.txt,egreedy-tuned,300,0,10,828.96,10828960,1.276
examples/pdptw/pdptw_200/LC1_2_1.txt,ucb-tuned,300,0,25,3292.987,28292987,83.129
examples/pdptw/pdptw_200/LC1_2_2.txt,ucb-tuned,300,0,25,3631.971,28631971,101.528
examples/pdptw/pdptw_200/LC1_2_3.txt,ucb-tuned,300,0,23,3734.946,26734946,114.212
examples/pdptw/pdptw_200/LC1_2_4.txt,ucb-tuned,300,0,21,3242.6,24242600,123.287
examples/pdptw/pdptw_200/LC1_2_5.txt,ucb-tuned,300,0,24,3483.07,27483070,94.392
examples/pdptw/pdptw_400/LC1_4_1.txt,ucb-tuned,300,0,54,9635.966,63635966,231.616
examples/pdptw/pdptw_400/LC1_4_2.txt,ucb-tuned,300,26,65,18550.109,26083550109,300.000
examples/pdptw/pdptw_400/LC1_4_3.txt,ucb-tuned,300,30,55,17369.743,30072369743,300.000
examples/pdptw/pdptw_400/LC1_4_4.txt,ucb-tuned,300,50,33,12692.229,50045692229,300.000
examples/pdptw/pdptw_400/LC1_4_5.txt,ucb-tuned,300,0,48,8601.815,56601815,216.267
examples/pdptw/pdptw_600/LC1_6_1.txt,ucb-tuned,300,80,132,35957.329,80167957329,300.000
examples/pdptw/pdptw_600/LC1_6_2.txt,ucb-tuned,300,234,65,20276.642,234085276642,300.000
examples/pdptw/pdptw_600/LC1_6_5.txt,ucb-tuned,300,22,132,42235.066,22174235066,300.000
examples/pdptw/pdptw_600/LC1_6_3.txt,ucb-tuned,300,304,36,13265.383,304049265383,300.000
examples/pdptw/pdptw_100/lc101.txt,ucb-tuned,300,0,11,869.913,11869913,17.907
examples/pdptw/pdptw_600/LC1_6_4.txt,ucb-tuned,300,330,26,10161.714,330036161714,300.000
examples/pdptw/pdptw_100/lc102.txt,ucb-tuned,300,0,10,828.96,10828960,4.532
examples/pdptw/pdptw_100/lc104.txt,ucb-tuned,300,0,10,841.83,10841830,11.757
examples/pdptw/pdptw_100/lc103.txt,ucb-tuned,300,0,11,981.263,11981263,12.378
examples/pdptw/pdptw_100/lc105.txt,ucb-tuned,300,0,10,828.96,10828960,4.563
examples/pdptw/pdptw_200/LC1_2_1.txt,egreedy-tuned,300,0,20,2706.044,22706044,20.917
examples/pdptw/pdptw_200/LC1_2_2.txt,egreedy-tuned,300,0,23,3716.417,26716417,80.616
examples/pdptw/pdptw_200/LC1_2_3.txt,egreedy-tuned,300,0,21,3393.279,24393279,31.848
examples/pdptw/pdptw_200/LC1_2_4.txt,egreedy-tuned,300,0,19,3235.517,22235517,66.891
examples/pdptw/pdptw_200/LC1_2_5.txt,egreedy-tuned,300,0,22,2864.884,24864884,29.017
examples/pdptw/pdptw_400/LC1_4_1.txt,egreedy-tuned,300,0,45,8098.155,53098155,45.886
examples/pdptw/pdptw_400/LC1_4_2.txt,egreedy-tuned,300,0,47,9620.971,56620971,69.570
examples/pdptw/pdptw_400/LC1_4_3.txt,egreedy-tuned,300,0,46,9715.814,55715814,50.997
examples/pdptw/pdptw_400/LC1_4_4.txt,egreedy-tuned,300,0,38,9401.793,47401793,123.539
examples/pdptw/pdptw_400/LC1_4_5.txt,egreedy-tuned,300,0,46,8678.73,54678730,77.769
examples/pdptw/pdptw_600/LC1_6_1.txt,egreedy-tuned,300,0,71,17088.137,88088137,84.043
examples/pdptw/pdptw_600/LC1_6_2.txt,egreedy-tuned,300,0,72,18459.57,90459570,90.733
examples/pdptw/pdptw_600/LC1_6_3.txt,egreedy-tuned,300,0,70,19152.844,89152844,123.063
examples/pdptw/pdptw_600/LC1_6_4.txt,egreedy-tuned,300,0,71,22123.777,93123777,167.531
examples/pdptw/pdptw_100/lc101.txt,egreedy-tuned,300,0,10,828.96,10828960,0.820
examples/pdptw/pdptw_600/LC1_6_5.txt,egreedy-tuned,300,0,71,16702.353,87702353,84.074
examples/pdptw/pdptw_100/lc102.txt,egreedy-tuned,300,0,10,828.96,10828960,2.435
examples/pdptw/pdptw_100/lc104.txt,egreedy-tuned,300,0,10,819.908,10819908,15.108
examples/pdptw/pdptw_100/lc105.txt,egreedy-tuned,300,0,10,828.96,10828960,1.267
examples/pdptw/pdptw_100/lc103.txt,egreedy-tuned,300,0,10,836.704,10836704,57.479
examples/pdptw/pdptw_200/LC1_2_1.txt,ucb-tuned,300,0,25,3475.368,28475368,84.690
examples/pdptw/pdptw_200/LC1_2_2.txt,ucb-tuned,300,0,24,3420.704,27420704,90.300
examples/pdptw/pdptw_200/LC1_2_4.txt,ucb-tuned,300,0,21,3492.7,24492700,133.923
examples/pdptw/pdptw_200/LC1_2_3.txt,ucb-tuned,300,0,21,3346.976,24346976,110.242
examples/pdptw/pdptw_400/LC1_4_1.txt,ucb-tuned,300,0,54,9635.966,63635966,249.466
examples/pdptw/pdptw_200/LC1_2_5.txt,ucb-tuned,300,0,25,3472.644,28472644,88.970
examples/pdptw/pdptw_400/LC1_4_3.txt,ucb-tuned,300,30,55,17366.723,30072366723,300.000
examples/pdptw/pdptw_400/LC1_4_4.txt,ucb-tuned,300,50,33,12692.053,50045692053,300.000
examples/pdptw/pdptw_400/LC1_4_5.txt,ucb-tuned,300,0,59,11477.774,70477774,225.113
examples/pdptw/pdptw_400/LC1_4_2.txt,ucb-tuned,300,26,65,18551.206,26083551206,300.000
examples/pdptw/pdptw_600/LC1_6_1.txt,ucb-tuned,300,90,131,35086.567,90166086567,300.000
examples/pdptw/pdptw_600/LC1_6_2.txt,ucb-tuned,300,218,65,21040.514,218086040514,300.000
examples/pdptw/pdptw_600/LC1_6_4.txt,ucb-tuned,300,330,26,10227.515,330036227515,300.000
examples/pdptw/pdptw_600/LC1_6_3.txt,ucb-tuned,300,304,36,13265.383,304049265383,300.000
examples/pdptw/pdptw_600/LC1_6_5.txt,ucb-tuned,300,58,125,38974.582,58163974582,300.000
examples/pdptw/pdptw_100/lc101.txt,ucb-tuned,300,0,11,857.093,11857093,15.420
examples/pdptw/pdptw_100/lc102.txt,ucb-tuned,300,0,10,828.96,10828960,4.695
examples/pdptw/pdptw_100/lc103.txt,ucb-tuned,300,0,11,908.921,11908921,38.822
examples/pdptw/pdptw_100/lc104.txt,ucb-tuned,300,0,10,824.802,10824802,28.984
examples/pdptw/pdptw_100/lc105.txt,ucb-tuned,300,0,10,828.96,10828960,5.791
examples/pdptw/pdptw_200/LC1_2_1.txt,egreedy-tuned,300,0,21,2798.462,23798462,15.778
examples/pdptw/pdptw_200/LC1_2_2.txt,egreedy-tuned,300,0,21,3494.394,24494394,69.933
examples/pdptw/pdptw_200/LC1_2_3.txt,egreedy-tuned,300,0,20,3103.121,23103121,32.623
examples/pdptw/pdptw_200/LC1_2_4.txt,egreedy-tuned,300,0,18,3020.319,21020319,75.672
examples/pdptw/pdptw_200/LC1_2_5.txt,egreedy-tuned,300,0,20,2755.936,22755936,19.125
examples/pdptw/pdptw_400/LC1_4_1.txt,egreedy-tuned,300,0,45,8373.421,53373421,54.053
examples/pdptw/pdptw_400/LC1_4_4.txt,egreedy-tuned,300,0,38,9745.514,47745514,122.122
examples/pdptw/pdptw_400/LC1_4_2.txt,egreedy-tuned,300,0,47,9367.116,56367116,59.496
examples/pdptw/pdptw_400/LC1_4_3.txt,egreedy-tuned,300,0,45,8952.032,53952032,36.319
examples/pdptw/pdptw_400/LC1_4_5.txt,egreedy-tuned,300,0,50,9744.212,59744212,103.933
examples/pdptw/pdptw_600/LC1_6_1.txt,egreedy-tuned,300,0,71,17502.154,88502154,81.188
examples/pdptw/pdptw_600/LC1_6_2.txt,egreedy-tuned,300,0,70,17563.441,87563441,91.095
examples/pdptw/pdptw_600/LC1_6_3.txt,egreedy-tuned,300,0,70,19260.146,89260146,121.272
examples/pdptw/pdptw_600/LC1_6_4.txt,egreedy-tuned,300,0,68,18746.894,86746894,152.189
examples/pdptw/pdptw_600/LC1_6_5.txt,egreedy-tuned,300,0,71,17502.752,88502752,89.506
examples/pdptw/pdptw_100/lc101.txt,egreedy-tuned,300,0,10,828.96,10828960,0.959
examples/pdptw/pdptw_100/lc104.txt,egreedy-tuned,300,0,10,819.908,10819908,14.542
examples/pdptw/pdptw_100/lc102.txt,egreedy-tuned,300,0,10,828.96,10828960,2.021
examples/pdptw/pdptw_100/lc103.txt,egreedy-tuned,300,0,10,828.089,10828089,58.234
examples/pdptw/pdptw_100/lc105.txt,egreedy-tuned,300,0,10,833.966,10833966,6.486
examples/pdptw/pdptw_200/LC1_2_1.txt,ucb-tuned,300,0,25,3564.179,28564179,91.894
examples/pdptw/pdptw_200/LC1_2_2.txt,ucb-tuned,300,0,26,3843.182,29843182,110.222
examples/pdptw/pdptw_200/LC1_2_3.txt,ucb-tuned,300,0,21,3443.249,24443249,109.983
examples/pdptw/pdptw_200/LC1_2_4.txt,ucb-tuned,300,0,20,3524.892,23524892,129.060
examples/pdptw/pdptw_200/LC1_2_5.txt,ucb-tuned,300,0,25,3462.308,28462308,93.055
examples/pdptw/pdptw_400/LC1_4_1.txt,ucb-tuned,300,0,54,9635.966,63635966,245.288
examples/pdptw/pdptw_400/LC1_4_3.txt,ucb-tuned,300,30,55,17247.291,30072247291,300.000
examples/pdptw/pdptw_400/LC1_4_2.txt,ucb-tuned,300,26,65,18584.367,26083584367,300.000
examples/pdptw/pdptw_400/LC1_4_4.txt,ucb-tuned,300,50,33,12694.398,50045694398,300.000
examples/pdptw/pdptw_400/LC1_4_5.txt,ucb-tuned,300,0,56,10051.776,66051776,226.246
examples/pdptw/pdptw_600/LC1_6_1.txt,ucb-tuned,300,112,126,33357.744,112159357744,300.000
examples/pdptw/pdptw_600/LC1_6_2.txt,ucb-tuned,300,218,65,21040.514,218086040514,300.000
examples/pdptw/pdptw_600/LC1_6_5.txt,ucb-tuned,300,74,121,37262.615,74158262615,300.000
examples/pdptw/pdptw_600/LC1_6_4.txt,ucb-tuned,300,330,26,10251.546,330036251546,300.000
examples/pdptw/pdptw_600/LC1_6_3.txt,ucb-tuned,300,294,37,13750.368,294050750368,300.000
examples/pdptw/pdptw_100/lc101.txt,ucb-tuned,300,0,10,828.96,10828960,11.780
examples/pdptw/pdptw_100/lc102.txt,ucb-tuned,300,0,10,828.96,10828960,5.003
examples/pdptw/pdptw_100/lc105.txt,ucb-tuned,300,0,10,828.96,10828960,14.167
examples/pdptw/pdptw_100/lc103.txt,ucb-tuned,300,0,11,889.001,11889001,25.716
examples/pdptw/pdptw_100/lc104.txt,ucb-tuned,300,0,10,827.858,10827858,17.919
examples/pdptw/pdptw_200/LC1_2_1.txt,egreedy-tuned,300,0,21,2737.621,23737621,9.944
examples/pdptw/pdptw_200/LC1_2_2.txt,egreedy-tuned,300,0,21,3074.807,24074807,50.537
examples/pdptw/pdptw_200/LC1_2_3.txt,egreedy-tuned,300,0,21,3363.098,24363098,41.956
examples/pdptw/pdptw_200/LC1_2_4.txt,egreedy-tuned,300,0,19,3004.392,22004392,48.018
examples/pdptw/pdptw_200/LC1_2_5.txt,egreedy-tuned,300,0,21,3174.697,24174697,48.855
examples/pdptw/pdptw_400/LC1_4_1.txt,egreedy-tuned,300,0,44,7739.437,51739437,44.837
examples/pdptw/pdptw_400/LC1_4_4.txt,egreedy-tuned,300,0,38,10180.367,48180367,121.102
examples/pdptw/pdptw_400/LC1_4_2.txt,egreedy-tuned,300,0,46,10018.991,56018991,59.179
examples/pdptw/pdptw_400/LC1_4_3.txt,egreedy-tuned,300,0,44,10146.781,54146781,62.154
examples/pdptw/pdptw_400/LC1_4_5.txt,egreedy-tuned,300,0,49,9495.77,58495770,87.462
examples/pdptw/pdptw_600/LC1_6_1.txt,egreedy-tuned,300,0,69,15703.669,84703669,87.222
examples/pdptw/pdptw_600/LC1_6_2.txt,egreedy-tuned,300,0,71,18638.556,89638556,89.797
examples/pdptw/pdptw_600/LC1_6_3.txt,egreedy-tuned,300,0,70,19260.146,89260146,116.968
examples/pdptw/pdptw_600/LC1_6_4.txt,egreedy-tuned,300,0,71,22126.201,93126201,165.779
examples/pdptw/pdptw_600/LC1_6_5.txt,egreedy-tuned,300,0,72,18593.579,90593579,92.114
examples/pdptw/pdptw_100/lc101.txt,egreedy-tuned,300,0,10,828.96,10828960,0.932
examples/pdptw/pdptw_100/lc102.txt,egreedy-tuned,300,0,10,828.96,10828960,2.328
examples/pdptw/pdptw_100/lc103.txt,egreedy-tuned,300,0,10,828.089,10828089,60.210
examples/pdptw/pdptw_100/lc104.txt,egreedy-tuned,300,0,10,819.908,10819908,14.869
examples/pdptw/pdptw_100/lc105.txt,egreedy-tuned,300,0,10,828.96,10828960,1.182
examples/pdptw/pdptw_200/LC1_2_1.txt,ucb-tuned,300,0,24,3358.83,27358830,80.218
examples/pdptw/pdptw_200/LC1_2_2.txt,ucb-tuned,300,0,27,3840.948,30840948,111.516
examples/pdptw/pdptw_200/LC1_2_3.txt,ucb-tuned,300,0,23,3710.253,26710253,122.341
examples/pdptw/pdptw_200/LC1_2_4.txt,ucb-tuned,300,0,20,3234.757,23234757,136.700
examples/pdptw/pdptw_200/LC1_2_5.txt,ucb-tuned,300,0,25,3425.863,28425863,89.999
examples/pdptw/pdptw_400/LC1_4_1.txt,ucb-tuned,300,0,54,9635.966,63635966,251.585
examples/pdptw/pdptw_400/LC1_4_4.txt,ucb-tuned,300,50,33,12709.441,50045709441,300.000
examples/pdptw/pdptw_400/LC1_4_2.txt,ucb-tuned,300,24,65,18219.936,24083219936,300.000
examples/pdptw/pdptw_400/LC1_4_3.txt,ucb-tuned,300,30,55,17366.723,30072366723,300.000
examples/pdptw/pdptw_400/LC1_4_5.txt,ucb-tuned,300,0,60,10689.779,70689779,228.543
examples/pdptw/pdptw_600/LC1_6_1.txt,ucb-tuned,300,106,127,33731.361,106160731361,300.000
examples/pdptw/pdptw_600/LC1_6_2.txt,ucb-tuned,300,234,65,20276.642,234085276642,300.000
examples/pdptw/pdptw_600/LC1_6_5.txt,ucb-tuned,300,76,120,36959.956,76156959956,300.000
examples/pdptw/pdptw_600/LC1_6_3.txt,ucb-tuned,300,322,36,12776.156,322048776156,300.000
examples/pdptw/pdptw_600/LC1_6_4.txt,ucb-tuned,300,330,26,10246.397,330036246397,300.000
examples/pdptw/pdptw_100/lc101.txt,ucb-tuned,300,0,11,869.913,11869913,17.699
examples/pdptw/pdptw_100/lc102.txt,ucb-tuned,300,0,10,828.96,10828960,4.657
examples/pdptw/pdptw_100/lc103.txt,ucb-tuned,300,0,11,936.159,11936159,23.182
examples/pdptw/pdptw_100/lc104.txt,ucb-tuned,300,0,10,842.857,10842857,13.841
examples/pdptw/pdptw_100/lc105.txt,ucb-tuned,300,0,11,862.099,11862099,16.032
examples/pdptw/pdptw_200/LC1_2_1.txt,egreedy-tuned,300,0,21,2758.625,23758625,24.276
examples/pdptw/pdptw_200/LC1_2_2.txt,egreedy-tuned,300,0,21,3210.75,24210750,51.863
examples/pdptw/pdptw_200/LC1_2_3.txt,egreedy-tuned,300,0,21,3373.6,24373600,32.397
examples/pdptw/pdptw_200/LC1_2_4.txt,egreedy-tuned,300,0,19,3375.747,22375747,81.401
examples/pdptw/pdptw_200/LC1_2_5.txt,egreedy-tuned,300,0,21,2779.63,23779630,15.670
examples/pdptw/pdptw_400/LC1_4_1.txt,egreedy-tuned,300,0,45,7960.01,52960010,53.537
examples/pdptw/pdptw_400/LC1_4_2.txt,egreedy-tuned,300,0,46,9508.955,55508955,69.802
examples/pdptw/pdptw_400/LC1_4_4.txt,egreedy-tuned,300,0,39,8978.526,47978526,113.365
examples/pdptw/pdptw_400/LC1_4_3.txt,egreedy-tuned,300,0,44,9977.861,53977861,55.426
examples/pdptw/pdptw_400/LC1_4_5.txt,egreedy-tuned,300,0,49,9876.136,58876136,99.926
examples/pdptw/pdptw_600/LC1_6_1.txt,egreedy-tuned,300,0,69,17006.779,86006779,89.111
examples/pdptw/pdptw_600/LC1_6_2.txt,egreedy-tuned,300,0,72,17874.112,89874112,89.919
examples/pdptw/pdptw_600/LC1_6_3.txt,egreedy-tuned,300,0,70,19152.844,89152844,122.714
examples/pdptw/pdptw_600/LC1_6_4.txt,egreedy-tuned,300,0,71,21589.031,92589031,164.250
examples/pdptw/pdptw_600/LC1_6_5.txt,egreedy-tuned,300,0,71,16677.015,87677015,87.036
examples/pdptw/pdptw_100/lc101.txt,egreedy-tuned,300,0,10,828.96,10828960,0.827
examples/pdptw/pdptw_100/lc102.txt,egreedy-tuned,300,0,10,828.96,10828960,2.110
examples/pdptw/pdptw_100/lc103.txt,egreedy-tuned,300,0,10,836.704,10836704,57.309
examples/pdptw/pdptw_100/lc104.txt,egreedy-tuned,300,0,10,819.908,10819908,14.536
examples/pdptw/pdptw_100/lc105.txt,egreedy-tuned,300,0,10,828.96,10828960,1.047
examples/pdptw/pdptw_200/LC1_2_1.txt,ucb-tuned,300,0,21,2813.299,23813299,43.314
examples/pdptw/pdptw_200/LC1_2_2.txt,ucb-tuned,300,0,25,3683.086,28683086,103.733
examples/pdptw/pdptw_200/LC1_2_3.txt,ucb-tuned,300,0,20,3341.999,23341999,108.962
examples/pdptw/pdptw_200/LC1_2_4.txt,ucb-tuned,300,0,22,3644.38,25644380,136.833
examples/pdptw/pdptw_400/LC1_4_1.txt,ucb-tuned,300,0,69,12956.746,81956746,269.650
examples/pdptw/pdptw_200/LC1_2_5.txt,ucb-tuned,300,0,25,3440.29,28440290,90.441
examples/pdptw/pdptw_400/LC1_4_4.txt,ucb-tuned,300,50,33,12692.053,50045692053,300.000
examples/pdptw/pdptw_400/LC1_4_3.txt,ucb-tuned,300,30,55,17251.002,30072251002,300.000
examples/pdptw/pdptw_400/LC1_4_5.txt,ucb-tuned,300,0,60,11022.29,71022290,226.680
examples/pdptw/pdptw_400/LC1_4_2.txt,ucb-tuned,300,26,65,18639.506,26083639506,300.000
examples/pdptw/pdptw_600/LC1_6_1.txt,ucb-tuned,300,112,126,33357.744,112159357744,300.000
examples/pdptw/pdptw_600/LC1_6_2.txt,ucb-tuned,300,218,65,21040.514,218086040514,300.000
examples/pdptw/pdptw_600/LC1_6_3.txt,ucb-tuned,300,320,36,12783.535,320048783535,300.000
examples/pdptw/pdptw_600/LC1_6_5.txt,ucb-tuned,300,30,129,40906.606,30169906606,300.000
examples/pdptw/pdptw_100/lc101.txt,ucb-tuned,300,0,11,869.913,11869913,17.664
examples/pdptw/pdptw_600/LC1_6_4.txt,ucb-tuned,300,330,26,10251.546,330036251546,300.000
examples/pdptw/pdptw_100/lc102.txt,ucb-tuned,300,0,10,828.96,10828960,4.868
examples/pdptw/pdptw_100/lc103.txt,ucb-tuned,300,0,10,875.911,10875911,28.159
examples/pdptw/pdptw_100/lc104.txt,ucb-tuned,300,0,10,827.858,10827858,10.634
examples/pdptw/pdptw_100/lc105.txt,ucb-tuned,300,0,11,857.093,11857093,14.610
examples/pdptw/pdptw_200/LC1_2_1.txt,egreedy-tuned,300,0,21,2798.462,23798462,21.972
examples/pdptw/pdptw_200/LC1_2_2.txt,egreedy-tuned,300,0,21,3079.079,24079079,44.204
examples/pdptw/pdptw_200/LC1_2_4.txt,egreedy-tuned,300,0,19,3064.626,22064626,49.106
examples/pdptw/pdptw_200/LC1_2_3.txt,egreedy-tuned,300,0,20,3292.35,23292350,23.090
examples/pdptw/pdptw_200/LC1_2_5.txt,egreedy-tuned,300,0,22,2938.935,24938935,34.517
examples/pdptw/pdptw_400/LC1_4_1.txt,egreedy-tuned,300,0,45,7913.838,52913838,52.395
examples/pdptw/pdptw_400/LC1_4_2.txt,egreedy-tuned,300,0,47,9195.239,56195239,62.663
examples/pdptw/pdptw_400/LC1_4_4.txt,egreedy-tuned,300,0,40,8639.707,48639707,114.306
examples/pdptw/pdptw_400/LC1_4_3.txt,egreedy-tuned,300,0,44,9519.982,53519982,55.356
examples/pdptw/pdptw_400/LC1_4_5.txt,egreedy-tuned,300,0,48,9219.443,57219443,88.042
examples/pdptw/pdptw_600/LC1_6_1.txt,egreedy-tuned,300,0,71,16768.49,87768490,88.298
examples/pdptw/pdptw_600/LC1_6_2.txt,egreedy-tuned,300,0,73,19079.602,92079602,92.924
examples/pdptw/pdptw_600/LC1_6_3.txt,egreedy-tuned,300,0,70,19260.146,89260146,122.744
examples/pdptw/pdptw_600/LC1_6_4.txt,egreedy-tuned,300,0,70,20983.188,90983188,158.111
examples/pdptw/pdptw_600/LC1_6_5.txt,egreedy-tuned,300,0,74,19463.781,93463781,98.549
examples/pdptw/pdptw_100/lc101.txt,egreedy-tuned,300,0,10,828.96,10828960,0.970
examples/pdptw/pdptw_100/lc102.txt,egreedy-tuned,300,0,10,828.96,10828960,2.336
examples/pdptw/pdptw_100/lc104.txt,egreedy-tuned,300,0,10,819.908,10819908,14.131
examples/pdptw/pdptw_100/lc103.txt,egreedy-tuned,300,0,10,836.704,10836704,57.122
examples/pdptw/pdptw_100/lc105.txt,egreedy-tuned,300,0,10,828.96,10828960,1.394
examples/pdptw/pdptw_200/LC1_2_1.txt,ucb-tuned,300,0,22,2903.0,24903000,56.568
examples/pdptw/pdptw_200/LC1_2_2.txt,ucb-tuned,300,0,25,3520.838,28520838,94.771
examples/pdptw/pdptw_200/LC1_2_3.txt,ucb-tuned,300,0,22,3743.999,25743999,126.353
examples/pdptw/pdptw_200/LC1_2_4.txt,ucb-tuned,300,0,21,3320.554,24320554,127.445
examples/pdptw/pdptw_200/LC1_2_5.txt,ucb-tuned,300,0,25,3577.952,28577952,99.572
examples/pdptw/pdptw_400/LC1_4_1.txt,ucb-tuned,300,0,54,9710.689,63710689,252.127
examples/pdptw/pdptw_400/LC1_4_2.txt,ucb-tuned,300,26,65,18611.491,26083611491,300.000
examples/pdptw/pdptw_400/LC1_4_5.txt,ucb-tuned,300,0,53,11349.416,64349416,207.438
examples/pdptw/pdptw_400/LC1_4_4.txt,ucb-tuned,300,50,33,12687.955,50045687955,300.000
examples/pdptw/pdptw_400/LC1_4_3.txt,ucb-tuned,300,30,55,17251.002,30072251002,300.000
examples/pdptw/pdptw_600/LC1_6_1.txt,ucb-tuned,300,104,128,34022.121,104162022121,300.000
examples/pdptw/pdptw_600/LC1_6_2.txt,ucb-tuned,300,234,65,20276.642,234085276642,300.000
examples/pdptw/pdptw_600/LC1_6_3.txt,ucb-tuned,300,314,36,13009.973,314049009973,300.000
examples/pdptw/pdptw_600/LC1_6_5.txt,ucb-tuned,300,18,132,42339.702,18174339702,300.000
examples/pdptw/pdptw_600/LC1_6_4.txt,ucb-tuned,300,330,26,10245.513,330036245513,300.000
examples/pdptw/pdptw_100/lc101.txt,ucb-tuned,300,0,11,869.913,11869913,18.242
examples/pdptw/pdptw_100/lc102.txt,ucb-tuned,300,0,10,828.96,10828960,4.659
examples/pdptw/pdptw_100/lc104.txt,ucb-tuned,300,0,10,831.238,10831238,23.549
examples/pdptw/pdptw_100/lc103.txt,ucb-tuned,300,0,11,941.508,11941508,29.603
examples/pdptw/pdptw_100/lc105.txt,ucb-tuned,300,0,10,828.96,10828960,16.288
examples/pdptw/pdptw_200/LC1_2_1.txt,egreedy-tuned,300,0,21,2758.625,23758625,19.626
examples/pdptw/pdptw_200/LC1_2_2.txt,egreedy-tuned,300,0,22,3017.251,25017251,53.800
examples/pdptw/pdptw_200/LC1_2_3.txt,egreedy-tuned,300,0,20,3884.468,23884468,27.116
examples/pdptw/pdptw_200/LC1_2_4.txt,egreedy-tuned,300,0,19,3327.803,22327803,54.523
examples/pdptw/pdptw_200/LC1_2_5.txt,egreedy-tuned,300,0,22,3299.417,25299417,46.503
examples/pdptw/pdptw_400/LC1_4_1.txt,egreedy-tuned,300,0,43,7810.327,50810327,44.229
examples/pdptw/pdptw_400/LC1_4_2.txt,egreedy-tuned,300,0,47,9200.112,56200112,66.191
examples/pdptw/pdptw_400/LC1_4_3.txt,egreedy-tuned,300,0,46,9380.142,55380142,61.530
examples/pdptw/pdptw_400/LC1_4_4.txt,egreedy-tuned,300,0,39,9525.712,48525712,118.060
examples/pdptw/pdptw_400/LC1_4_5.txt,egreedy-tuned,300,0,49,9253.43,58253430,96.846
examples/pdptw/pdptw_600/LC1_6_1.txt,egreedy-tuned,300,0,72,17511.789,89511789,92.079
examples/pdptw/pdptw_600/LC1_6_2.txt,egreedy-tuned,300,0,74,18803.383,92803383,91.078
examples/pdptw/pdptw_600/LC1_6_3.txt,egreedy-tuned,300,0,68,20102.636,88102636,114.033
examples/pdptw/pdptw_600/LC1_6_4.txt,egreedy-tuned,300,0,71,21585.772,92585772,163.520
examples/pdptw/pdptw_600/LC1_6_5.txt,egreedy-tuned,300,0,72,18188.44,90188440,96.287
examples/pdptw/pdptw_100/lc101.txt,egreedy-tuned,300,0,10,828.96,10828960,0.946
examples/pdptw/pdptw_100/lc103.txt,egreedy-tuned,300,0,10,828.089,10828089,59.883
examples/pdptw/pdptw_100/lc102.txt,egreedy-tuned,300,0,10,828.96,10828960,2.524
examples/pdptw/pdptw_100/lc104.txt,egreedy-tuned,300,0,10,819.908,10819908,15.185
examples/pdptw/pdptw_100/lc105.txt,egreedy-tuned,300,0,10,828.96,10828960,1.333
examples/pdptw/pdptw_200/LC1_2_1.txt,ucb-tuned,300,0,26,3358.507,29358507,92.420
examples/pdptw/pdptw_200/LC1_2_2.txt,ucb-tuned,300,0,25,3589.025,28589025,97.005
examples/pdptw/pdptw_200/LC1_2_3.txt,ucb-tuned,300,0,21,3604.974,24604974,121.419
examples/pdptw/pdptw_200/LC1_2_4.txt,ucb-tuned,300,0,21,3218.989,24218989,113.500
examples/pdptw/pdptw_200/LC1_2_5.txt,ucb-tuned,300,0,24,3559.625,27559625,84.810
examples/pdptw/pdptw_400/LC1_4_1.txt,ucb-tuned,300,0,62,11543.236,73543236,263.309
examples/pdptw/pdptw_400/LC1_4_2.txt,ucb-tuned,300,24,65,17950.614,24082950614,300.000
examples/pdptw/pdptw_400/LC1_4_3.txt,ucb-tuned,300,26,55,17230.165,26072230165,300.000
examples/pdptw/pdptw_400/LC1_4_5.txt,ucb-tuned,300,0,58,10662.184,68662184,237.139
examples/pdptw/pdptw_400/LC1_4_4.txt,ucb-tuned,300,50,33,12694.398,50045694398,300.000
examples/pdptw/pdptw_600/LC1_6_1.txt,ucb-tuned,300,110,127,33672.208,110160672208,300.000
examples/pdptw/pdptw_600/LC1_6_2.txt,ucb-tuned,300,236,65,20203.576,236085203576,300.000
examples/pdptw/pdptw_600/LC1_6_3.txt,ucb-tuned,300,322,36,12776.156,322048776156,300.000
examples/pdptw/pdptw_600/LC1_6_4.txt,ucb-tuned,300,330,26,10246.397,330036246397,300.000
examples/pdptw/pdptw_600/LC1_6_5.txt,ucb-tuned,300,70,122,37579.673,70159579673,300.000
examples/pdptw/pdptw_100/lc101.txt,ucb-tuned,300,0,10,828.96,10828960,4.554
examples/pdptw/pdptw_100/lc102.txt,ucb-tuned,300,0,10,828.96,10828960,4.226
examples/pdptw/pdptw_100/lc103.txt,ucb-tuned,300,0,10,918.279,10918279,35.037
examples/pdptw/pdptw_100/lc104.txt,ucb-tuned,300,0,10,894.2,10894200,18.561
examples/pdptw/pdptw_100/lc105.txt,ucb-tuned,300,0,10,828.96,10828960,11.580
examples/pdptw/pdptw_200/LC1_2_1.txt,egreedy-tuned,300,0,21,2794.096,23794096,14.735
examples/pdptw/pdptw_200/LC1_2_2.txt,egreedy-tuned,300,0,22,3447.848,25447848,58.806
examples/pdptw/pdptw_200/LC1_2_4.txt,egreedy-tuned,300,0,18,3140.108,21140108,48.795
examples/pdptw/pdptw_200/LC1_2_3.txt,egreedy-tuned,300,0,21,3306.561,24306561,28.527
examples/pdptw/pdptw_200/LC1_2_5.txt,egreedy-tuned,300,0,21,2914.64,23914640,28.494
examples/pdptw/pdptw_400/LC1_4_1.txt,egreedy-tuned,300,0,45,7972.743,52972743,49.518
examples/pdptw/pdptw_400/LC1_4_2.txt,egreedy-tuned,300,0,46,9048.25,55048250,58.351
examples/pdptw/pdptw_400/LC1_4_3.txt,egreedy-tuned,300,0,44,8708.115,52708115,40.053
examples/pdptw/pdptw_400/LC1_4_4.txt,egreedy-tuned,300,0,38,9244.401,47244401,110.833
examples/pdptw/pdptw_400/LC1_4_5.txt,egreedy-tuned,300,0,48,9209.492,57209492,85.038
examples/pdptw/pdptw_600/LC1_6_1.txt,egreedy-tuned,300,0,75,19630.85,94630850,103.149
examples/pdptw/pdptw_600/LC1_6_2.txt,egreedy-tuned,300,0,74,18543.47,92543470,89.046
examples/pdptw/pdptw_600/LC1_6_3.txt,egreedy-tuned,300,0,70,19152.844,89152844,121.742
examples/pdptw/pdptw_600/LC1_6_4.txt,egreedy-tuned,300,0,71,21758.77,92758770,164.956
examples/pdptw/pdptw_600/LC1_6_5.txt,egreedy-tuned,300,0,68,16716.083,84716083,83.087
examples/pdptw/pdptw_100/lc101.txt,egreedy-tuned,300,0,10,828.96,10828960,1.246
examples/pdptw/pdptw_100/lc102.txt,egreedy-tuned,300,0,10,828.96,10828960,1.873
examples/pdptw/pdptw_100/lc103.txt,egreedy-tuned,300,0,10,836.704,10836704,56.788
examples/pdptw/pdptw_100/lc104.txt,egreedy-tuned,300,0,10,819.908,10819908,14.611
examples/pdptw/pdptw_100/lc105.txt,egreedy-tuned,300,0,10,828.96,10828960,1.177
